{"cameraMode":{"drawMode":0,"name":"Shaded","section":"Shading Mode"},"sceneLighting":true,"audioPlay":false,"sceneViewState":{"showFog":true,"showMaterialUpdate":true,"showSkybox":true,"showFlares":true,"showImageEffects":true,"showParticleSystems":true},"in2DMode":false,"pivot":{"x":-2.109999895095825,"y":4.380000114440918,"z":3.9000000953674318},"rotation":{"x":-0.1257055103778839,"y":-0.06483516097068787,"z":0.008233110420405865,"w":-0.9899125099182129},"size":5.180715084075928,"orthographic":false}